genre1,genre2,movie_count
Comedy,Drama,29482
Drama,Romance,27876
Crime,Drama,20038
Action,Drama,16766
Comedy,Romance,16366
Drama,Thriller,12670
Action,Crime,9944
Biography,Documentary,9703
Action,Adventure,8386
Action,Comedy,7576
Horror,Thriller,7558
Drama,Mystery,7551
Adventure,Drama,7387
Documentary,Music,6779
Drama,Family,6629
Documentary,History,6581
Crime,Thriller,6391
Drama,Western,6289
Comedy,Crime,6117
Adventure,Comedy,5939
Drama,History,5877
Drama,Horror,5799
Biography,Drama,5699
Documentary,Drama,5580
Action,Thriller,5226
Drama,War,5212
Comedy,Horror,4660
Comedy,Family,4628
Mystery,Thriller,4613
Drama,Fantasy,4583
Horror,Mystery,4394
Comedy,Musical,3916
Crime,Mystery,3845
Drama,Music,3717
Comedy,Fantasy,3672
Documentary,Sport,3215
Drama,Musical,3117
Biography,History,3078
Adventure,Animation,2779
Adventure,Family,2762
Adventure,Fantasy,2275
Adventure,Documentary,2271
Action,Romance,2235
Comedy,Music,2218
Drama,Sci-Fi,2193
Horror,Sci-Fi,2149
Action,Sci-Fi,2114
Comedy,Documentary,2077
Fantasy,Horror,2073
Animation,Comedy,2067
Musical,Romance,2057
Action,Horror,2037
Comedy,Thriller,1974
Action,Fantasy,1956
Drama,Sport,1942
Documentary,Family,1891
Adventure,Crime,1834
Comedy,Mystery,1717
Comedy,Sci-Fi,1708
Crime,Romance,1681
Crime,Horror,1671
Documentary,War,1599
Action,Animation,1536
Biography,Music,1495
Sci-Fi,Thriller,1488
Family,Fantasy,1445
Animation,Family,1373
Romance,Thriller,1332
Documentary,News,1324
History,War,1324
Adventure,Romance,1316
Crime,Documentary,1164
Music,Romance,1132
Fantasy,Romance,1106
Animation,Drama,1099
Adventure,Sci-Fi,1016
Action,War,1006
Adult,Comedy,979
Family,Romance,964
Action,Mystery,960
Mystery,Romance,942
Biography,Comedy,915
Comedy,Sport,856
Adventure,History,826
Action,History,825
Drama,Film-Noir,799
Fantasy,Mystery,790
Romance,War,768
Adventure,Thriller,758
Adventure,Horror,741
Adult,Drama,739
Mystery,Sci-Fi,735
Biography,Crime,715
Comedy,Western,708
Crime,Film-Noir,703
Animation,Fantasy,696
Fantasy,Sci-Fi,678
Adventure,Biography,635
Biography,Sport,634
Action,Documentary,588
History,Romance,585
Biography,Family,576
Adventure,Mystery,575
Horror,Romance,573
Action,Family,562
Fantasy,Thriller,514
Family,Musical,509
Comedy,War,506
Action,Biography,500
Comedy,History,491
Animation,Documentary,480
History,Music,440
Documentary,Musical,416
Action,Western,415
Adventure,War,382
Action,Sport,380
Romance,Sci-Fi,363
Animation,Sci-Fi,362
Documentary,Horror,360
History,News,357
Adventure,Sport,354
Biography,Romance,343
Romance,Sport,337
Fantasy,Musical,327
Music,Musical,315
Crime,History,315
Adventure,Western,313
Crime,Fantasy,308
Music,Western,306
Documentary,Mystery,301
Adult,Romance,296
Crime,Family,284
Family,History,273
Adult,Crime,266
Documentary,Romance,265
Action,Musical,255
Romance,Western,253
Biography,War,252
Family,Music,252
Thriller,War,248
Family,Sport,246
Adult,Horror,235
Family,Sci-Fi,220
Documentary,Fantasy,214
Animation,Biography,214
Crime,Sci-Fi,213
Adventure,Musical,205
Fantasy,Music,203
Crime,Music,198
Family,Mystery,198
Crime,Musical,194
History,Thriller,193
Adventure,Music,174
Fantasy,History,174
History,Sport,173
Animation,Horror,172
Animation,History,156
Drama,News,150
Documentary,Sci-Fi,149
Action,Music,147
Animation,Crime,146
Biography,Musical,143
Adult,Fantasy,142
Animation,Music,138
Horror,Musical,138
History,Mystery,136
Documentary,Thriller,133
History,Musical,127
Horror,Music,122
Family,Thriller,116
History,Horror,110
Animation,Musical,103
Biography,News,99
Animation,Romance,96
Music,Mystery,94
Crime,Sport,94
Musical,Mystery,90
Crime,Western,87
Documentary,Reality-TV,85
Crime,War,83
Adult,Documentary,82
Animation,Mystery,80
Family,Horror,79
Biography,Fantasy,77
Musical,Thriller,76
Adult,Thriller,73
Animation,Sport,72
Film-Noir,Mystery,71
Biography,Thriller,71
Family,War,71
Thriller,Western,70
Family,Western,67
Adult,Mystery,66
Horror,Western,65
Musical,Sci-Fi,65
History,Western,56
Music,Sci-Fi,56
Music,Thriller,54
Musical,Western,54
Biography,Mystery,51
Family,News,51
Adult,Sci-Fi,51
Music,War,51
Music,Sport,50
Adult,Adventure,50
Action,Adult,47
Animation,Thriller,46
Horror,War,45
Film-Noir,Thriller,45
Mystery,Western,44
History,Sci-Fi,44
Musical,War,43
Adventure,News,41
Mystery,War,39
Biography,Horror,38
Sci-Fi,War,38
War,Western,37
Sport,Thriller,37
Fantasy,War,36
Crime,News,34
Musical,Sport,28
Comedy,News,27
Comedy,Reality-TV,27
Animation,War,27
Film-Noir,Romance,27
Adult,Western,26
Sci-Fi,Western,25
News,War,24
Documentary,Western,23
Documentary,Talk-Show,22
Sport,War,21
Adult,Animation,18
Music,News,18
Biography,Western,17
Biography,Reality-TV,17
Fantasy,Western,17
Fantasy,Sport,16
News,Sport,16
Comedy,Film-Noir,16
Horror,Sport,16
Adult,Sport,14
Biography,Sci-Fi,14
Mystery,Sport,14
Adult,Music,12
Comedy,Talk-Show,12
Adult,Biography,11
Sci-Fi,Sport,10
Film-Noir,Horror,10
Adult,History,10
Drama,Reality-TV,10
Adventure,Reality-TV,9
Action,Film-Noir,9
News,Talk-Show,9
Reality-TV,Talk-Show,9
Film-Noir,Sport,8
Action,News,8
Reality-TV,Sport,8
Horror,Reality-TV,8
Music,Reality-TV,8
Action,Reality-TV,8
Adult,Musical,7
Reality-TV,Romance,7
Adventure,Film-Noir,6
Reality-TV,Thriller,5
Mystery,News,5
Animation,Western,5
Documentary,Game-Show,5
News,Thriller,4
Sport,Talk-Show,4
Sport,Western,4
News,Reality-TV,4
Animation,News,4
History,Reality-TV,4
Mystery,Reality-TV,4
Film-Noir,Music,4
Music,Talk-Show,3
Drama,Talk-Show,3
News,Romance,3
Family,Reality-TV,3
Talk-Show,Thriller,2
Biography,Film-Noir,2
Crime,Reality-TV,2
Family,Talk-Show,2
News,Sci-Fi,2
Musical,Reality-TV,2
Adult,War,2
Adult,Talk-Show,2
Biography,Talk-Show,2
Sci-Fi,Talk-Show,1
Fantasy,Film-Noir,1
Fantasy,Talk-Show,1
Game-Show,History,1
Game-Show,Reality-TV,1
Game-Show,Sport,1
Adult,Reality-TV,1
Drama,Game-Show,1
Crime,Talk-Show,1
Adult,Family,1
Adult,Game-Show,1
Reality-TV,War,1
History,Talk-Show,1
Comedy,Game-Show,1
Horror,News,1
Reality-TV,Sci-Fi,1
Fantasy,Reality-TV,1
Musical,News,1
Fantasy,Game-Show,1
