decade,genre,movie_count
1900,Action,2
1900,Adventure,3
1900,Biography,4
1900,Comedy,6
1900,Documentary,71
1900,Drama,20
1900,Family,1
1900,Fantasy,2
1900,History,3
1900,Horror,1
1900,Music,2
1900,Musical,3
1900,News,4
1900,Romance,1
1900,Sport,9
1900,War,5
1910,Action,242
1910,Adventure,344
1910,Animation,5
1910,Biography,56
1910,Comedy,1306
1910,Crime,771
1910,Documentary,434
1910,Drama,6404
1910,Family,15
1910,Fantasy,82
1910,History,162
1910,Horror,69
1910,Music,9
1910,Musical,6
1910,Mystery,217
1910,News,1
1910,Romance,670
1910,Sci-Fi,30
1910,Sport,40
1910,Thriller,100
1910,War,284
1910,Western,346
1920,Action,732
1920,Adventure,869
1920,Animation,22
1920,Biography,90
1920,Comedy,2424
1920,Crime,852
1920,Documentary,818
1920,Drama,10256
1920,Family,62
1920,Fantasy,143
1920,Film-Noir,4
1920,History,309
1920,Horror,111
1920,Music,38
1920,Musical,82
1920,Mystery,318
1920,News,2
1920,Romance,1736
1920,Sci-Fi,31
1920,Sport,129
1920,Thriller,124
1920,War,201
1920,Western,1367
1930,Action,817
1930,Adventure,846
1930,Animation,26
1930,Biography,132
1930,Comedy,4402
1930,Crime,1621
1930,Documentary,1459
1930,Drama,9880
1930,Family,225
1930,Fantasy,163
1930,Film-Noir,65
1930,History,301
1930,Horror,171
1930,Music,408
1930,Musical,1084
1930,Mystery,650
1930,News,10
1930,Romance,2705
1930,Sci-Fi,63
1930,Sport,140
1930,Thriller,173
1930,War,345
1930,Western,982
1940,Action,652
1940,Adventure,802
1940,Animation,68
1940,Biography,213
1940,Comedy,3553
1940,Crime,1280
1940,Documentary,627
1940,Drama,7308
1940,Family,349
1940,Fantasy,245
1940,Film-Noir,392
1940,History,304
1940,Horror,199
1940,Music,615
1940,Musical,855
1940,Mystery,551
1940,News,1
1940,Romance,1909
1940,Sci-Fi,50
1940,Sport,82
1940,Thriller,243
1940,War,770
1940,Western,1063
1950,Action,1211
1950,Adventure,1421
1950,Animation,95
1950,Biography,331
1950,Comedy,4834
1950,Crime,2017
1950,Documentary,1182
1950,Drama,11141
1950,Family,745
1950,Fantasy,535
1950,Film-Noir,415
1950,History,492
1950,Horror,342
1950,Music,471
1950,Musical,1242
1950,Mystery,473
1950,News,5
1950,Romance,2625
1950,Sci-Fi,253
1950,Sport,159
1950,Thriller,518
1950,War,751
1950,Western,834
1960,Action,3297
1960,Adult,41
1960,Adventure,2514
1960,Animation,143
1960,Biography,288
1960,Comedy,6130
1960,Crime,2982
1960,Documentary,1900
1960,Drama,13920
1960,Family,922
1960,Fantasy,708
1960,History,632
1960,Horror,749
1960,Music,365
1960,Musical,1350
1960,Mystery,760
1960,News,5
1960,Reality-TV,1
1960,Romance,3515
1960,Sci-Fi,352
1960,Sport,222
1960,Thriller,1100
1960,War,1118
1960,Western,844
1970,Action,4224
1970,Adult,2718
1970,Adventure,2485
1970,Animation,257
1970,Biography,481
1970,Comedy,7180
1970,Crime,3285
1970,Documentary,3576
1970,Drama,15948
1970,Family,1198
1970,Fantasy,920
1970,History,711
1970,Horror,1541
1970,Music,510
1970,Musical,852
1970,Mystery,824
1970,News,5
1970,Reality-TV,2
1970,Romance,3300
1970,Sci-Fi,427
1970,Sport,322
1970,Talk-Show,2
1970,Thriller,1538
1970,War,793
1970,Western,572
1980,Action,5157
1980,Adult,3414
1980,Adventure,1942
1980,Animation,518
1980,Biography,647
1980,Comedy,7623
1980,Crime,2959
1980,Documentary,4445
1980,Drama,17177
1980,Family,1349
1980,Fantasy,1185
1980,History,691
1980,Horror,1854
1980,Music,836
1980,Musical,714
1980,Mystery,901
1980,News,1
1980,Reality-TV,1
1980,Romance,3352
1980,Sci-Fi,746
1980,Sport,317
1980,Talk-Show,2
1980,Thriller,1999
1980,War,874
1980,Western,127
1990,Action,5841
1990,Adult,1178
1990,Adventure,1446
1990,Animation,594
1990,Biography,856
1990,Comedy,8388
1990,Crime,3574
1990,Documentary,7269
1990,Drama,16851
1990,Family,1252
1990,Fantasy,1185
1990,History,775
1990,Horror,1765
1990,Music,804
1990,Musical,426
1990,Mystery,1033
1990,News,1
1990,Reality-TV,9
1990,Romance,4226
1990,Sci-Fi,800
1990,Sport,360
1990,Talk-Show,3
1990,Thriller,2991
1990,War,630
1990,Western,107
2000,Action,6021
2000,Adult,430
2000,Adventure,2430
2000,Animation,1163
2000,Biography,1861
2000,Comedy,14570
2000,Crime,4305
2000,Documentary,23143
2000,Drama,27984
2000,Family,2042
2000,Fantasy,1803
2000,Game-Show,1
2000,History,1458
2000,Horror,4233
2000,Music,2496
2000,Musical,891
2000,Mystery,2067
2000,News,118
2000,Reality-TV,62
2000,Romance,6681
2000,Sci-Fi,1193
2000,Sport,1098
2000,Talk-Show,4
2000,Thriller,4947
2000,War,931
2000,Western,144
2010,Action,11995
2010,Adult,782
2010,Adventure,7110
2010,Animation,3282
2010,Biography,8483
2010,Comedy,28888
2010,Crime,8088
2010,Documentary,56320
2010,Drama,59992
2010,Family,6328
2010,Fantasy,4282
2010,Game-Show,4
2010,History,6443
2010,Horror,12064
2010,Music,5700
2010,Musical,1679
2010,Mystery,5640
2010,News,1195
2010,Reality-TV,243
2010,Romance,11290
2010,Sci-Fi,3547
2010,Sport,3135
2010,Talk-Show,95
2010,Thriller,12433
2010,War,1582
2010,Western,402
2020,Action,9513
2020,Adult,453
2020,Adventure,4550
2020,Animation,3014
2020,Biography,3569
2020,Comedy,20057
2020,Crime,6407
2020,Documentary,38614
2020,Drama,43220
2020,Family,3435
2020,Fantasy,3296
2020,Game-Show,2
2020,History,2576
2020,Horror,10978
2020,Music,3318
2020,Musical,1162
2020,Mystery,4197
2020,News,83
2020,Reality-TV,211
2020,Romance,7294
2020,Sci-Fi,3215
2020,Sport,2158
2020,Talk-Show,98
2020,Thriller,11811
2020,War,860
2020,Western,407
